timestamp	line_count	bytes	source_path
1217171682	1002	173353	tmp/part4vip_dat_fetch/1217171682.dat
1217572896	434	87668	tmp/part4vip_dat_fetch_20260217_115630/1217572896.dat
1236246722	332	69345	tmp/part4vip_dat_fetch_20260217_115630/1236246722.dat
1244044369	1002	174065	tmp/part4vip_dat_fetch_20260217_115630/1244044369.dat
1244726227	1002	213924	tmp/part4vip_dat_fetch_20260217_115630/1244726227.dat
1244726243	1002	201608	tmp/part4vip_dat_fetch_20260217_115630/1244726243.dat
1245456056	78	11425	tmp/part4vip_dat_fetch_20260217_115630/1245456056.dat
1246003444	706	129339	tmp/part4vip_dat_fetch_20260217_115630/1246003444.dat
1249044575	1002	181814	tmp/part4vip_dat_fetch_20260217_115630/1249044575.dat
1249372567	1002	189275	tmp/part4vip_dat_fetch_20260217_115630/1249372567.dat
1249467748	753	160940	tmp/part4vip_dat_fetch_20260217_115630/1249467748.dat
1249476312	521	98304	tmp/part4vip_dat_fetch_20260217_115630/1249476312.dat
1249560104	343	73832	tmp/part4vip_dat_fetch_20260217_115630/1249560104.dat
1249714703	1002	201610	tmp/part4vip_dat_fetch_20260217_115630/1249714703.dat
1250087144	65	12531	tmp/part4vip_dat_fetch_20260217_115630/1250087144.dat
1250270150	1002	184480	tmp/part4vip_dat_fetch_20260217_115630/1250270150.dat
1250479945	478	131072	tmp/part4vip_dat_fetch_20260217_115811_p8/1250479945.dat
1250775411	148	37887	tmp/part4vip_dat_fetch_20260217_115630/1250775411.dat
1250780504	1002	173573	tmp/part4vip_dat_fetch_20260217_115630/1250780504.dat
1251019511	631	114958	tmp/part4vip_dat_fetch_20260217_115630/1251019511.dat
1251368064	1002	190340	tmp/part4vip_dat_fetch_20260217_115630/1251368064.dat
1251389209	1002	182802	tmp/part4vip_dat_fetch_20260217_115630/1251389209.dat
1251871860	1002	176026	tmp/part4vip_dat_fetch_20260217_115630/1251871860.dat
1252058662	266	57959	tmp/part4vip_dat_fetch_20260217_115630/1252058662.dat
1252932194	268	45609	tmp/part4vip_dat_fetch_20260217_115630/1252932194.dat
1254411348	401	72565	tmp/part4vip_dat_fetch_20260217_115630/1254411348.dat
1261432697	1002	185713	tmp/part4vip_dat_fetch_20260217_115630/1261432697.dat
1262727611	539	92255	tmp/part4vip_dat_fetch_20260217_115630/1262727611.dat
1279629691	1002	188989	tmp/part4vip_dat_fetch_20260217_115630/1279629691.dat
1280625825	1002	191224	tmp/part4vip_dat_fetch_20260217_115630/1280625825.dat
1280878497	1002	180995	tmp/part4vip_dat_fetch_20260217_115630/1280878497.dat
1281135196	223	45073	tmp/part4vip_dat_fetch_20260217_115630/1281135196.dat
1281558679	1002	202051	tmp/part4vip_dat_fetch_20260217_115630/1281558679.dat
1281683092	1002	173088	tmp/part4vip_dat_fetch_20260217_115630/1281683092.dat
1282047599	1002	166094	tmp/part4vip_dat_fetch_20260217_115630/1282047599.dat
1282311143	377	73675	tmp/part4vip_dat_fetch_20260217_115630/1282311143.dat
1282482153	193	40728	tmp/part4vip_dat_fetch_20260217_115630/1282482153.dat
1282554602	456	78022	tmp/part4vip_dat_fetch_20260217_115630/1282554602.dat
1284101122	780	127995	tmp/part4vip_dat_fetch_20260217_115630/1284101122.dat
1313639993	491	103528	tmp/part4vip_dat_fetch_20260217_115630/1313639993.dat
1327730882	1002	171656	tmp/part4vip_dat_fetch_20260217_115630/1327730882.dat
